{"dataset":"binary_network_security/uwf_zeek","label":"binary_network_security/uwf_zeek","row_index":18,"shard":"data_jsonl_gz","bytes":500,"score_byte_start":0,"score_byte_end":500,"marin_bpb":1.9362,"qwen_bpb":1.6697,"gap_bpb":0.2664,"text":"community_id,conn_state,duration,history,src_ip_zeek,src_port_zeek,dest_ip_zeek,dest_port_zeek,local_orig,local_resp,missed_bytes,orig_bytes,orig_ip_bytes,orig_pkts,proto,resp_bytes,resp_ip_bytes,resp_pkts,service,ts,uid,datetime,vlan,label_tactic,label_technique,label_binary,label_cve\n1:gUeJk+hLXHx/cV5Pookq/0zWqeU=,S0,8.04880404472351,D,143.88.2.12,51365,143.88.255.10,53,false,false,0,215,355,5,udp,0,0,0,dns,1.74805262018523E9,CmN0Ph3t8pVK3FvoXb,2025-05-24T02:10:20.185Z,102,none,none,False,none","marin_bpb_by_char":[0.0,0.0,0.0,0.0,0.0,0.0,0.0,0.0,0.0,3.0173,3.0173,3.0173,4.5456,3.942,3.942,3.942,3.942,1.6337,1.6337,1.6337,1.6337,1.6337,1.6337,4.3983,4.3983,0.5348,0.5348,0.5348,0.5348,0.5348,0.5348,0.5348,1.759,1.5818,1.5818,1.5818,1.5818,1.5818,1.5818,1.5818,2.5344,2.4862,2.4862,2.4862,0.5094,0.5094,0.5094,8.8629,7.8095,7.8095,1.163,1.163,0.9851,0.202,0.202,0.202,0.1681,0.1681,0.1681,0.1681,0.1681,0.4886,0.0005,0.0005,0.0002,0.0002,1.787,0.3481,0.3481,0.3481,0.3481,0.0103,0.0103,0.0103,0.0374,0.0001,0.0001,0.0004,0.0004,0.0826,0.0086,0.0086,0.0086,0.0086,0.0023,0.0023,0.0023,0.0023,0.0023,0.0066,0.0001,0.0001,0.0002,0.0002,1.0415,1.5175,1.5175,1.5175,1.5175,1.5175,0.7805,0.7805,0.7805,0.7805,0.7805,0.2695,0.113,0.113,0.113,0.113,0.113,0.0004,0.0004,0.0004,0.0004,0.0004,0.1173,0.0065,0.0065,0.0065,0.0065,0.0002,0.0002,0.0009,0.0009,0.0009,0.0009,0.0009,0.0009,0.3583,0.8587,0.8587,0.8587,0.8587,0.3121,0.3121,0.3121,0.3121,0.3121,0.3121,0.2967,1.3058,1.3058,1.3058,1.3058,2.5983,2.5983,2.5983,0.0597,0.0597,0.0597,0.0597,0.0597,0.0597,0.2818,0.829,0.829,0.829,0.829,0.0053,0.0053,0.0053,0.0001,0.0001,1.7781,1.7781,1.7781,1.7781,1.7781,1.7781,1.4509,0.2059,0.2059,0.2059,0.2059,0.0001,0.0001,0.0001,0.0001,0.0001,0.0001,0.2788,0.041,0.041,0.041,0.041,0.0008,0.0008,0.0008,0.0001,0.0001,0.0001,0.0001,0.0001,0.0001,0.0577,0.0013,0.0013,0.0013,0.0013,0.0002,0.0002,0.0002,0.0,0.0,0.8182,0.0253,0.0253,0.0253,0.0253,0.0253,0.0253,0.0253,0.842,2.6824,2.6824,1.608,0.5952,0.5952,0.5952,1.3556,1.9665,1.9665,1.9665,1.9665,1.9665,1.9665,1.9665,1.9665,4.8108,4.8108,1.211,1.211,1.211,1.9204,1.9204,1.9204,1.9204,1.9204,1.9204,5.5948,5.5948,2.2434,2.2434,2.2434,2.2434,2.2434,0.3362,0.3362,0.3362,0.3362,0.3362,0.3362,0.2881,0.2881,0.2881,0.0038,0.0038,0.0038,0.0034,0.0034,0.0034,0.0034,0.271,0.271,0.271,0.271,0.271,0.271,2.1166,2.1166,2.1166,2.1166,2.1166,2.1166,2.1166,0.2462,0.2462,0.2462,0.2462,0.2462,0.2462,3.2537,3.2537,2.2033,2.2033,6.015,5.1193,9.5391,9.5391,10.9571,6.0322,5.8067,6.1617,7.3877,7.3877,6.3519,6.4279,6.4279,6.011,5.9684,5.9684,6.4818,5.8285,6.5992,5.6039,5.6039,5.6039,6.4992,6.9732,4.0487,6.8184,6.3766,6.0163,6.0163,6.1432,4.9509,1.6511,8.087,3.6885,3.663,6.9445,2.2769,3.2251,3.2251,3.2251,3.6208,3.6208,3.6208,3.5498,3.5498,3.5498,3.782,3.782,3.782,4.9952,4.9952,4.4997,4.4997,1.9797,3.2486,3.2486,3.2486,2.6953,4.0226,4.0226,0.4628,7.1583,0.0061,3.6257,3.6257,0.3161,3.0612,3.0612,3.0612,3.4874,3.4874,0.1713,0.813,0.813,0.813,0.001,0.0264,0.0264,0.0002,3.9619,3.9619,3.9619,0.0017,2.9817,2.9817,0.014,2.5518,2.5518,1.8645,1.8645,1.8645,1.8645,1.8645,1.8645,0.1008,0.1008,0.1008,0.1008,0.1008,0.1008,0.1049,0.3473,0.1016,3.281,3.281,3.281,2.1773,4.0603,4.0603,4.0603,1.1439,7.8842,0.256,0.9274,0.9274,0.9274,0.0494,1.9322,0.0321,0.0815,0.0023,0.0777,0.6623,0.6623,0.0236,0.0236,0.1412,7.6397,0.396,3.9014,3.9014,3.9014,3.3039,3.3039,3.3039,3.7724,3.7724,3.7724,3.4329,3.4329,3.4329,3.644,3.644,4.1674,0.2114,4.9759,4.9759,9.2686,6.4932,4.7908,6.917,6.917,6.2814,6.3819,5.6639,6.5307,5.8932,5.8932,6.022,6.5081,6.0157,6.0157,6.0683,6.3543,8.9855,2.2434,2.2434,2.2434,10.3897,0.3839,1.7976,1.7976,0.0006,2.4536,2.4536,2.6317,2.3886,2.3886,0.0044,2.853,2.853,0.0054,2.9124,2.9124,0.309,2.9094,2.9094,2.9094,2.266,0.594,3.1196,3.1196,3.1196,3.049,1.4962,1.4962,1.4962,1.4962,0.7887,0.3123,0.3123,0.3123,0.3123,2.1811,2.1811,2.1811,2.1811,2.1811,2.1811,1.6498,0.0546,0.0546,0.0546,0.0546],"qwen_bpb_by_char":[0.0,0.0,0.0,0.0,0.0,0.0,0.0,0.0,0.0,4.6513,4.6513,4.6513,3.4484,4.0073,4.0073,4.0073,4.0073,1.7415,1.7415,1.7415,1.7415,1.7415,1.7415,4.5162,4.5162,0.2355,0.2355,0.2355,0.2355,0.2355,0.2355,0.2355,0.7189,1.7096,1.7096,1.7096,1.7096,1.7096,1.7096,1.7096,0.671,1.1308,1.1308,1.1308,0.8613,0.8613,0.8613,13.241,8.0965,8.0965,0.0186,0.0186,0.9865,0.2648,0.2648,0.2648,0.0488,0.0488,0.0488,0.0488,0.0488,1.8263,0.0004,0.0004,0.0007,0.0007,2.1356,0.0709,0.0709,0.0709,0.0709,0.0026,0.0026,0.0026,0.0021,0.0,0.0,0.0009,0.0009,0.0156,0.0006,0.0006,0.0006,0.0006,0.0006,0.0006,0.0006,0.0006,0.0006,0.0024,0.0001,0.0001,0.0001,0.0001,1.2572,1.4181,1.4181,1.4181,1.4181,1.4181,0.6872,0.6872,0.6872,0.6872,0.6872,0.2931,0.0395,0.0395,0.0395,0.0395,0.0395,0.004,0.004,0.004,0.004,0.004,1.6011,0.0295,0.0295,0.0295,0.0295,0.0,0.0,0.0002,0.0002,0.0002,0.0002,0.0002,0.0002,0.4605,0.0374,0.0374,0.0374,0.0374,0.1532,0.1532,0.1532,0.1532,0.1532,0.1532,0.1282,0.0493,0.0493,0.0493,0.0493,0.1122,0.1122,0.1122,0.0007,0.0007,0.0007,0.0007,0.0007,0.0007,0.0205,0.0127,0.0127,0.0127,0.0127,0.5799,0.5799,0.5799,0.0,0.0,1.6228,1.6228,1.6228,1.6228,1.6228,1.6228,0.5155,0.1565,0.1565,0.1565,0.1565,0.2501,0.2501,0.2501,0.2501,0.2501,0.2501,0.02,0.001,0.001,0.001,0.001,0.0002,0.0002,0.0002,0.0,0.0,0.0,0.0,0.0,0.0,0.0097,0.0016,0.0016,0.0016,0.0016,0.003,0.003,0.003,0.0,0.0,0.5522,0.0367,0.0367,0.0367,0.0367,0.0367,0.0367,0.0367,0.4495,1.9205,1.9205,0.4932,0.1616,0.1616,0.1616,1.246,1.0511,1.0511,1.0511,1.0511,1.0511,1.0511,1.0511,1.0511,4.9745,4.9745,0.0798,0.0798,0.0798,1.3659,1.3659,1.3659,1.3659,1.3659,1.3659,5.7901,5.7901,2.8092,2.8092,2.8092,2.8092,2.8092,0.0223,0.0223,0.0223,0.0223,0.0223,0.0223,0.686,0.686,0.686,0.0,0.0,0.0,0.0036,0.0036,0.0036,0.0036,0.0755,0.0755,0.0755,0.0755,0.0755,0.0755,2.2065,2.2065,2.2065,2.2065,2.2065,2.2065,2.2065,0.1808,0.1808,0.1808,0.1808,0.1808,0.1808,3.5938,3.5938,2.4092,2.4092,3.5053,6.8393,7.0624,7.0624,5.7313,6.0191,5.7265,6.9801,8.3458,8.3458,6.3922,5.3208,6.5162,6.0855,6.2217,6.2217,6.4498,4.8889,7.0275,5.9739,5.9739,5.9739,7.9023,8.4913,4.9086,8.8402,5.9755,6.7717,6.7717,6.3636,0.2901,0.0524,2.4175,0.8093,0.3246,4.9401,2.556,2.213,4.7223,3.0006,3.3684,4.0358,3.4592,3.8964,1.369,1.4676,0.3715,0.4334,0.0533,0.0142,0.0021,6.8789,6.8789,4.2335,1.0603,3.4543,3.3724,0.0111,5.5458,3.3524,0.0619,2.9668,6.2367,1.3923,3.2402,2.8176,1.3956,3.4705,3.5259,3.3259,3.4147,0.006,0.5528,1.4031,0.3902,0.001,0.2622,0.0658,0.0002,0.8732,6.4825,2.0587,0.0002,1.4566,2.5677,1.6657,1.9841,0.4026,1.162,1.162,1.162,1.162,1.162,1.162,0.2678,0.2678,0.2678,0.2678,0.2678,0.2678,0.0031,0.1415,0.0256,3.9288,3.5687,3.656,0.6969,6.496,3.5754,4.0372,0.5101,3.519,0.1583,0.0929,0.0929,0.0929,0.0045,0.5442,0.0008,0.0806,0.0005,0.0062,0.2315,0.2315,0.0126,0.0126,0.0359,0.0783,3.0611,5.0302,3.4197,3.2434,3.4966,3.2731,3.3308,3.4382,3.2386,3.7645,3.4329,3.3545,3.116,3.2262,2.5528,1.6219,0.0557,1.5479,1.5479,7.5873,5.808,4.5721,6.1427,6.1427,5.9239,6.6375,5.7073,6.8592,6.8723,6.8723,5.6007,8.5539,8.0775,8.0775,5.9467,7.4582,2.568,0.1602,0.0086,0.4882,10.0194,0.0426,0.1944,3.6261,0.0008,1.7235,3.7048,1.5883,1.0813,3.5089,0.0016,2.6645,3.4457,0.0039,2.7628,2.3997,1.2095,3.4317,1.0888,0.39,0.6936,0.1978,2.2864,2.791,4.8024,2.5107,1.1193,1.1193,1.1193,1.1193,0.6956,0.0117,0.0117,0.0117,0.0117,0.8522,0.8522,0.8522,0.8522,0.8522,0.8522,3.195,0.1436,0.1436,0.1436,0.1436],